Borough,Date,Rent,Year
Bronx,2010-01,1425.0,2010
Brooklyn,2010-01,1875.36,2010
Manhattan,2010-01,2700.26,2010
New York City,2010-01,2500.0,2010
Queens,2010-01,1453.7,2010
Staten Island,2010-01,,2010
Bronx,2010-02,1450.0,2010
Brooklyn,2010-02,1827.04,2010
Manhattan,2010-02,2624.91,2010
New York City,2010-02,2500.0,2010
Queens,2010-02,1512.0,2010
Staten Island,2010-02,,2010
Bronx,2010-03,1450.0,2010
Brooklyn,2010-03,1837.3,2010
Manhattan,2010-03,2597.3,2010
New York City,2010-03,2500.0,2010
Queens,2010-03,1552.0,2010
Staten Island,2010-03,,2010
Bronx,2010-04,1412.5,2010
Brooklyn,2010-04,1882.74,2010
Manhattan,2010-04,2670.73,2010
New York City,2010-04,2595.0,2010
Queens,2010-04,1538.33,2010
Staten Island,2010-04,,2010
Bronx,2010-05,1437.5,2010
Brooklyn,2010-05,1940.7,2010
Manhattan,2010-05,2648.12,2010
New York City,2010-05,2600.0,2010
Queens,2010-05,1498.2,2010
Staten Island,2010-05,,2010
Bronx,2010-06,1400.0,2010
Brooklyn,2010-06,1931.27,2010
Manhattan,2010-06,2689.79,2010
New York City,2010-06,2600.0,2010
Queens,2010-06,1567.22,2010
Staten Island,2010-06,,2010
Bronx,2010-07,1325.0,2010
Brooklyn,2010-07,1971.78,2010
Manhattan,2010-07,2699.06,2010
New York City,2010-07,2669.0,2010
Queens,2010-07,1554.22,2010
Staten Island,2010-07,,2010
Bronx,2010-08,1175.0,2010
Brooklyn,2010-08,1994.43,2010
Manhattan,2010-08,2731.94,2010
New York City,2010-08,2695.0,2010
Queens,2010-08,1558.78,2010
Staten Island,2010-08,,2010
Bronx,2010-09,1250.0,2010
Brooklyn,2010-09,2033.0,2010
Manhattan,2010-09,2845.15,2010
New York City,2010-09,2722.0,2010
Queens,2010-09,1592.22,2010
Staten Island,2010-09,,2010
Bronx,2010-10,1375.0,2010
Brooklyn,2010-10,2031.73,2010
Manhattan,2010-10,2860.18,2010
New York City,2010-10,2700.0,2010
Queens,2010-10,1595.7,2010
Staten Island,2010-10,,2010
Bronx,2010-11,1412.5,2010
Brooklyn,2010-11,1991.33,2010
Manhattan,2010-11,2810.94,2010
New York City,2010-11,2695.0,2010
Queens,2010-11,1593.5,2010
Staten Island,2010-11,,2010
Bronx,2010-12,1400.0,2010
Brooklyn,2010-12,2000.7,2010
Manhattan,2010-12,2795.5,2010
New York City,2010-12,2695.0,2010
Queens,2010-12,1503.1,2010
Staten Island,2010-12,,2010
Bronx,2011-01,1462.5,2011
Brooklyn,2011-01,1913.59,2011
Manhattan,2011-01,2778.78,2011
New York City,2011-01,2650.0,2011
Queens,2011-01,1490.3,2011
Staten Island,2011-01,,2011
Bronx,2011-02,1437.5,2011
Brooklyn,2011-02,1904.4,2011
Manhattan,2011-02,2779.7,2011
New York City,2011-02,2650.0,2011
Queens,2011-02,1518.6,2011
Staten Island,2011-02,,2011
Bronx,2011-03,1437.5,2011
Brooklyn,2011-03,1968.78,2011
Manhattan,2011-03,2757.18,2011
New York City,2011-03,2695.0,2011
Queens,2011-03,1597.5,2011
Staten Island,2011-03,,2011
Bronx,2011-04,1425.0,2011
Brooklyn,2011-04,1914.08,2011
Manhattan,2011-04,2843.76,2011
New York City,2011-04,2700.0,2011
Queens,2011-04,1666.0,2011
Staten Island,2011-04,,2011
Bronx,2011-05,1400.0,2011
Brooklyn,2011-05,1979.79,2011
Manhattan,2011-05,2829.68,2011
New York City,2011-05,2700.0,2011
Queens,2011-05,1645.55,2011
Staten Island,2011-05,,2011
Bronx,2011-06,1300.0,2011
Brooklyn,2011-06,2019.22,2011
Manhattan,2011-06,2858.65,2011
New York City,2011-06,2800.0,2011
Queens,2011-06,1662.27,2011
Staten Island,2011-06,,2011
Bronx,2011-07,1400.0,2011
Brooklyn,2011-07,2069.5,2011
Manhattan,2011-07,2890.06,2011
New York City,2011-07,2800.0,2011
Queens,2011-07,1607.55,2011
Staten Island,2011-07,,2011
Bronx,2011-08,1350.0,2011
Brooklyn,2011-08,2050.33,2011
Manhattan,2011-08,2911.09,2011
New York City,2011-08,2850.0,2011
Queens,2011-08,1666.45,2011
Staten Island,2011-08,,2011
Bronx,2011-09,1254.33,2011
Brooklyn,2011-09,2142.76,2011
Manhattan,2011-09,3042.23,2011
New York City,2011-09,2895.0,2011
Queens,2011-09,1718.3,2011
Staten Island,2011-09,,2011
Bronx,2011-10,1241.67,2011
Brooklyn,2011-10,2104.14,2011
Manhattan,2011-10,2925.48,2011
New York City,2011-10,2900.0,2011
Queens,2011-10,1678.3,2011
Staten Island,2011-10,,2011
Bronx,2011-11,1350.0,2011
Brooklyn,2011-11,1974.7,2011
Manhattan,2011-11,2940.67,2011
New York City,2011-11,2900.0,2011
Queens,2011-11,1751.0,2011
Staten Island,2011-11,,2011
Bronx,2011-12,1325.0,2011
Brooklyn,2011-12,2038.04,2011
Manhattan,2011-12,2992.69,2011
New York City,2011-12,2875.0,2011
Queens,2011-12,1698.3,2011
Staten Island,2011-12,,2011
Bronx,2012-01,1325.0,2012
Brooklyn,2012-01,2131.91,2012
Manhattan,2012-01,2991.69,2012
New York City,2012-01,2850.0,2012
Queens,2012-01,1639.36,2012
Staten Island,2012-01,,2012
Bronx,2012-02,1436.25,2012
Brooklyn,2012-02,2068.96,2012
Manhattan,2012-02,2961.06,2012
New York City,2012-02,2850.0,2012
Queens,2012-02,1896.64,2012
Staten Island,2012-02,,2012
Bronx,2012-03,1481.67,2012
Brooklyn,2012-03,2080.73,2012
Manhattan,2012-03,2991.0,2012
New York City,2012-03,2900.0,2012
Queens,2012-03,1926.91,2012
Staten Island,2012-03,,2012
Bronx,2012-04,1424.5,2012
Brooklyn,2012-04,2120.74,2012
Manhattan,2012-04,3009.06,2012
New York City,2012-04,2900.0,2012
Queens,2012-04,1917.27,2012
Staten Island,2012-04,,2012
Bronx,2012-05,1283.33,2012
Brooklyn,2012-05,2162.6,2012
Manhattan,2012-05,3014.24,2012
New York City,2012-05,2900.0,2012
Queens,2012-05,1880.0,2012
Staten Island,2012-05,,2012
Bronx,2012-06,1283.33,2012
Brooklyn,2012-06,2088.14,2012
Manhattan,2012-06,2965.38,2012
New York City,2012-06,2875.0,2012
Queens,2012-06,1925.0,2012
Staten Island,2012-06,,2012
Bronx,2012-07,1387.0,2012
Brooklyn,2012-07,2065.29,2012
Manhattan,2012-07,2959.49,2012
New York City,2012-07,2850.0,2012
Queens,2012-07,1812.31,2012
Staten Island,2012-07,1350.0,2012
Bronx,2012-08,1237.5,2012
Brooklyn,2012-08,2040.1,2012
Manhattan,2012-08,2951.89,2012
New York City,2012-08,2850.0,2012
Queens,2012-08,1861.09,2012
Staten Island,2012-08,1350.0,2012
Bronx,2012-09,1266.67,2012
Brooklyn,2012-09,2084.43,2012
Manhattan,2012-09,2989.38,2012
New York City,2012-09,2900.0,2012
Queens,2012-09,1853.8,2012
Staten Island,2012-09,1350.0,2012
Bronx,2012-10,1318.25,2012
Brooklyn,2012-10,2062.55,2012
Manhattan,2012-10,2999.82,2012
New York City,2012-10,2895.0,2012
Queens,2012-10,1868.73,2012
Staten Island,2012-10,,2012
Bronx,2012-11,1371.0,2012
Brooklyn,2012-11,2098.39,2012
Manhattan,2012-11,2994.06,2012
New York City,2012-11,2885.0,2012
Queens,2012-11,1806.82,2012
Staten Island,2012-11,,2012
Bronx,2012-12,1420.0,2012
Brooklyn,2012-12,2286.54,2012
Manhattan,2012-12,2974.0,2012
New York City,2012-12,2900.0,2012
Queens,2012-12,1791.64,2012
Staten Island,2012-12,,2012
Bronx,2013-01,1400.0,2013
Brooklyn,2013-01,2032.68,2013
Manhattan,2013-01,2972.53,2013
New York City,2013-01,2850.0,2013
Queens,2013-01,1711.17,2013
Staten Island,2013-01,,2013
Bronx,2013-02,1437.5,2013
Brooklyn,2013-02,2092.16,2013
Manhattan,2013-02,2994.67,2013
New York City,2013-02,2900.0,2013
Queens,2013-02,1728.75,2013
Staten Island,2013-02,,2013
Bronx,2013-03,1350.0,2013
Brooklyn,2013-03,2157.73,2013
Manhattan,2013-03,3006.15,2013
New York City,2013-03,2950.0,2013
Queens,2013-03,1667.92,2013
Staten Island,2013-03,,2013
Bronx,2013-04,1351.67,2013
Brooklyn,2013-04,2141.79,2013
Manhattan,2013-04,2999.35,2013
New York City,2013-04,2900.0,2013
Queens,2013-04,1706.23,2013
Staten Island,2013-04,,2013
Bronx,2013-05,1306.25,2013
Brooklyn,2013-05,2080.88,2013
Manhattan,2013-05,3016.51,2013
New York City,2013-05,2895.0,2013
Queens,2013-05,1742.77,2013
Staten Island,2013-05,,2013
Bronx,2013-06,1293.5,2013
Brooklyn,2013-06,2122.72,2013
Manhattan,2013-06,2978.58,2013
New York City,2013-06,2850.0,2013
Queens,2013-06,1703.47,2013
Staten Island,2013-06,1138.0,2013
Bronx,2013-07,1412.5,2013
Brooklyn,2013-07,2135.81,2013
Manhattan,2013-07,2978.49,2013
New York City,2013-07,2850.0,2013
Queens,2013-07,1745.87,2013
Staten Island,2013-07,,2013
Bronx,2013-08,1406.5,2013
Brooklyn,2013-08,2108.49,2013
Manhattan,2013-08,3053.06,2013
New York City,2013-08,2924.0,2013
Queens,2013-08,1796.93,2013
Staten Island,2013-08,,2013
Bronx,2013-09,1437.5,2013
Brooklyn,2013-09,2095.62,2013
Manhattan,2013-09,3056.85,2013
New York City,2013-09,2900.0,2013
Queens,2013-09,1856.64,2013
Staten Island,2013-09,,2013
Bronx,2013-10,1311.75,2013
Brooklyn,2013-10,2095.68,2013
Manhattan,2013-10,3025.11,2013
New York City,2013-10,2875.0,2013
Queens,2013-10,1756.73,2013
Staten Island,2013-10,1175.0,2013
Bronx,2013-11,1333.33,2013
Brooklyn,2013-11,2056.49,2013
Manhattan,2013-11,3018.69,2013
New York City,2013-11,2850.0,2013
Queens,2013-11,1741.8,2013
Staten Island,2013-11,1150.0,2013
Bronx,2013-12,1362.5,2013
Brooklyn,2013-12,2056.11,2013
Manhattan,2013-12,3045.57,2013
New York City,2013-12,2865.0,2013
Queens,2013-12,1680.19,2013
Staten Island,2013-12,1150.0,2013
Bronx,2014-01,1343.75,2014
Brooklyn,2014-01,1998.65,2014
Manhattan,2014-01,3072.94,2014
New York City,2014-01,2850.0,2014
Queens,2014-01,1689.94,2014
Staten Island,2014-01,1150.0,2014
Bronx,2014-02,1309.2,2014
Brooklyn,2014-02,2031.79,2014
Manhattan,2014-02,3074.11,2014
New York City,2014-02,2850.0,2014
Queens,2014-02,1743.47,2014
Staten Island,2014-02,1160.0,2014
Bronx,2014-03,1400.5,2014
Brooklyn,2014-03,2050.1,2014
Manhattan,2014-03,3052.94,2014
New York City,2014-03,2850.0,2014
Queens,2014-03,1750.0,2014
Staten Island,2014-03,,2014
Bronx,2014-04,1349.5,2014
Brooklyn,2014-04,2089.95,2014
Manhattan,2014-04,3093.14,2014
New York City,2014-04,2900.0,2014
Queens,2014-04,1743.53,2014
Staten Island,2014-04,,2014
Bronx,2014-05,1387.4,2014
Brooklyn,2014-05,2153.36,2014
Manhattan,2014-05,3127.89,2014
New York City,2014-05,2900.0,2014
Queens,2014-05,1745.59,2014
Staten Island,2014-05,1250.0,2014
Bronx,2014-06,1586.5,2014
Brooklyn,2014-06,2170.81,2014
Manhattan,2014-06,3102.51,2014
New York City,2014-06,2850.0,2014
Queens,2014-06,1768.0,2014
Staten Island,2014-06,1150.0,2014
Bronx,2014-07,1366.67,2014
Brooklyn,2014-07,2101.98,2014
Manhattan,2014-07,3055.75,2014
New York City,2014-07,2750.0,2014
Queens,2014-07,1754.61,2014
Staten Island,2014-07,1175.0,2014
Bronx,2014-08,1335.33,2014
Brooklyn,2014-08,2126.13,2014
Manhattan,2014-08,3072.28,2014
New York City,2014-08,2750.0,2014
Queens,2014-08,1792.29,2014
Staten Island,2014-08,,2014
Bronx,2014-09,1361.78,2014
Brooklyn,2014-09,2088.72,2014
Manhattan,2014-09,3077.97,2014
New York City,2014-09,2700.0,2014
Queens,2014-09,1768.41,2014
Staten Island,2014-09,1200.0,2014
Bronx,2014-10,1352.0,2014
Brooklyn,2014-10,2063.48,2014
Manhattan,2014-10,3062.08,2014
New York City,2014-10,2690.0,2014
Queens,2014-10,1779.06,2014
Staten Island,2014-10,1200.0,2014
Bronx,2014-11,1361.1,2014
Brooklyn,2014-11,2067.97,2014
Manhattan,2014-11,3081.75,2014
New York City,2014-11,2650.0,2014
Queens,2014-11,1740.16,2014
Staten Island,2014-11,1200.0,2014
Bronx,2014-12,1348.92,2014
Brooklyn,2014-12,2037.72,2014
Manhattan,2014-12,3128.69,2014
New York City,2014-12,2700.0,2014
Queens,2014-12,1723.74,2014
Staten Island,2014-12,,2014
Bronx,2015-01,1380.67,2015
Brooklyn,2015-01,2018.83,2015
Manhattan,2015-01,3097.08,2015
New York City,2015-01,2750.0,2015
Queens,2015-01,1780.5,2015
Staten Island,2015-01,1200.0,2015
Bronx,2015-02,1396.0,2015
Brooklyn,2015-02,2069.62,2015
Manhattan,2015-02,3116.0,2015
New York City,2015-02,2750.0,2015
Queens,2015-02,1769.55,2015
Staten Island,2015-02,1200.0,2015
Bronx,2015-03,1404.25,2015
Brooklyn,2015-03,2068.17,2015
Manhattan,2015-03,3135.5,2015
New York City,2015-03,2750.0,2015
Queens,2015-03,1737.67,2015
Staten Island,2015-03,1250.0,2015
Bronx,2015-04,1424.73,2015
Brooklyn,2015-04,2086.5,2015
Manhattan,2015-04,3170.03,2015
New York City,2015-04,2783.0,2015
Queens,2015-04,1731.87,2015
Staten Island,2015-04,1295.0,2015
Bronx,2015-05,1372.75,2015
Brooklyn,2015-05,2080.4,2015
Manhattan,2015-05,3185.56,2015
New York City,2015-05,2750.0,2015
Queens,2015-05,1761.73,2015
Staten Island,2015-05,1250.0,2015
Bronx,2015-06,1374.15,2015
Brooklyn,2015-06,2094.26,2015
Manhattan,2015-06,3222.34,2015
New York City,2015-06,2795.0,2015
Queens,2015-06,1748.0,2015
Staten Island,2015-06,1370.0,2015
Bronx,2015-07,1336.8,2015
Brooklyn,2015-07,2107.9,2015
Manhattan,2015-07,3201.89,2015
New York City,2015-07,2795.0,2015
Queens,2015-07,1768.27,2015
Staten Island,2015-07,1500.0,2015
Bronx,2015-08,1354.08,2015
Brooklyn,2015-08,2119.45,2015
Manhattan,2015-08,3250.28,2015
New York City,2015-08,2800.0,2015
Queens,2015-08,1790.43,2015
Staten Island,2015-08,1935.0,2015
Bronx,2015-09,1373.33,2015
Brooklyn,2015-09,2135.21,2015
Manhattan,2015-09,3235.67,2015
New York City,2015-09,2795.0,2015
Queens,2015-09,1796.75,2015
Staten Island,2015-09,1685.0,2015
Bronx,2015-10,1357.75,2015
Brooklyn,2015-10,2105.3,2015
Manhattan,2015-10,3214.53,2015
New York City,2015-10,2750.0,2015
Queens,2015-10,1743.0,2015
Staten Island,2015-10,1395.0,2015
Bronx,2015-11,1392.78,2015
Brooklyn,2015-11,2116.0,2015
Manhattan,2015-11,3156.03,2015
New York City,2015-11,2700.0,2015
Queens,2015-11,1721.81,2015
Staten Island,2015-11,1405.0,2015
Bronx,2015-12,1399.0,2015
Brooklyn,2015-12,2126.85,2015
Manhattan,2015-12,3173.11,2015
New York City,2015-12,2750.0,2015
Queens,2015-12,1784.48,2015
Staten Island,2015-12,1395.0,2015
Bronx,2016-01,1435.0,2016
Brooklyn,2016-01,2127.68,2016
Manhattan,2016-01,3160.08,2016
New York City,2016-01,2800.0,2016
Queens,2016-01,1778.85,2016
Staten Island,2016-01,,2016
Bronx,2016-02,1437.56,2016
Brooklyn,2016-02,2125.02,2016
Manhattan,2016-02,3201.33,2016
New York City,2016-02,2800.0,2016
Queens,2016-02,1831.33,2016
Staten Island,2016-02,1500.0,2016
Bronx,2016-03,1411.75,2016
Brooklyn,2016-03,2124.62,2016
Manhattan,2016-03,3247.89,2016
New York City,2016-03,2805.0,2016
Queens,2016-03,1792.43,2016
Staten Island,2016-03,1695.0,2016
Bronx,2016-04,1431.92,2016
Brooklyn,2016-04,2136.12,2016
Manhattan,2016-04,3254.64,2016
New York City,2016-04,2825.0,2016
Queens,2016-04,1859.32,2016
Staten Island,2016-04,2140.0,2016
Bronx,2016-05,1440.25,2016
Brooklyn,2016-05,2145.93,2016
Manhattan,2016-05,3235.06,2016
New York City,2016-05,2850.0,2016
Queens,2016-05,1870.1,2016
Staten Island,2016-05,2300.0,2016
Bronx,2016-06,1492.73,2016
Brooklyn,2016-06,2175.69,2016
Manhattan,2016-06,3234.44,2016
New York City,2016-06,2850.0,2016
Queens,2016-06,1856.67,2016
Staten Island,2016-06,2140.0,2016
Bronx,2016-07,1492.5,2016
Brooklyn,2016-07,2175.15,2016
Manhattan,2016-07,3242.22,2016
New York City,2016-07,2800.0,2016
Queens,2016-07,1865.05,2016
Staten Island,2016-07,2140.0,2016
Bronx,2016-08,1503.92,2016
Brooklyn,2016-08,2189.3,2016
Manhattan,2016-08,3195.22,2016
New York City,2016-08,2792.0,2016
Queens,2016-08,1865.32,2016
Staten Island,2016-08,1500.0,2016
Bronx,2016-09,1474.08,2016
Brooklyn,2016-09,2209.21,2016
Manhattan,2016-09,3207.36,2016
New York City,2016-09,2750.0,2016
Queens,2016-09,1869.48,2016
Staten Island,2016-09,1500.0,2016
Bronx,2016-10,1467.64,2016
Brooklyn,2016-10,2158.34,2016
Manhattan,2016-10,3220.69,2016
New York City,2016-10,2746.0,2016
Queens,2016-10,1829.7,2016
Staten Island,2016-10,1500.0,2016
Bronx,2016-11,1465.87,2016
Brooklyn,2016-11,2139.27,2016
Manhattan,2016-11,3173.23,2016
New York City,2016-11,2700.0,2016
Queens,2016-11,1850.3,2016
Staten Island,2016-11,1500.0,2016
Bronx,2016-12,1456.33,2016
Brooklyn,2016-12,2145.62,2016
Manhattan,2016-12,3138.94,2016
New York City,2016-12,2700.0,2016
Queens,2016-12,1840.09,2016
Staten Island,2016-12,1500.0,2016
Bronx,2017-01,1492.5,2017
Brooklyn,2017-01,2146.52,2017
Manhattan,2017-01,3132.0,2017
New York City,2017-01,2650.0,2017
Queens,2017-01,1809.72,2017
Staten Island,2017-01,1500.0,2017
Bronx,2017-02,1468.93,2017
Brooklyn,2017-02,2132.22,2017
Manhattan,2017-02,3150.89,2017
New York City,2017-02,2600.0,2017
Queens,2017-02,1807.52,2017
Staten Island,2017-02,1600.0,2017
Bronx,2017-03,1482.15,2017
Brooklyn,2017-03,2112.66,2017
Manhattan,2017-03,3153.53,2017
New York City,2017-03,2600.0,2017
Queens,2017-03,1832.04,2017
Staten Island,2017-03,1500.0,2017
Bronx,2017-04,1520.54,2017
Brooklyn,2017-04,2131.48,2017
Manhattan,2017-04,3164.94,2017
New York City,2017-04,2611.0,2017
Queens,2017-04,1847.05,2017
Staten Island,2017-04,1500.0,2017
Bronx,2017-05,1539.0,2017
Brooklyn,2017-05,2149.95,2017
Manhattan,2017-05,3171.17,2017
New York City,2017-05,2600.0,2017
Queens,2017-05,1851.81,2017
Staten Island,2017-05,1500.0,2017
Bronx,2017-06,1535.67,2017
Brooklyn,2017-06,2142.02,2017
Manhattan,2017-06,3156.36,2017
New York City,2017-06,2600.0,2017
Queens,2017-06,1832.74,2017
Staten Island,2017-06,1500.0,2017
Bronx,2017-07,1534.93,2017
Brooklyn,2017-07,2133.09,2017
Manhattan,2017-07,3171.69,2017
New York City,2017-07,2595.0,2017
Queens,2017-07,1828.31,2017
Staten Island,2017-07,1500.0,2017
Bronx,2017-08,1574.91,2017
Brooklyn,2017-08,2164.71,2017
Manhattan,2017-08,3184.29,2017
New York City,2017-08,2700.0,2017
Queens,2017-08,1895.8,2017
Staten Island,2017-08,1745.0,2017
Bronx,2017-09,1577.09,2017
Brooklyn,2017-09,2185.33,2017
Manhattan,2017-09,3134.67,2017
New York City,2017-09,2695.0,2017
Queens,2017-09,1870.1,2017
Staten Island,2017-09,1395.0,2017
Bronx,2017-10,1563.0,2017
Brooklyn,2017-10,2169.43,2017
Manhattan,2017-10,3107.78,2017
New York City,2017-10,2650.0,2017
Queens,2017-10,1823.48,2017
Staten Island,2017-10,1550.0,2017
Bronx,2017-11,1568.0,2017
Brooklyn,2017-11,2156.51,2017
Manhattan,2017-11,3079.72,2017
New York City,2017-11,2587.0,2017
Queens,2017-11,1812.86,2017
Staten Island,2017-11,1600.0,2017
Bronx,2017-12,1578.1,2017
Brooklyn,2017-12,2151.95,2017
Manhattan,2017-12,3097.19,2017
New York City,2017-12,2595.0,2017
Queens,2017-12,1813.58,2017
Staten Island,2017-12,1600.0,2017
Bronx,2018-01,1596.12,2018
Brooklyn,2018-01,2154.22,2018
Manhattan,2018-01,3102.69,2018
New York City,2018-01,2571.0,2018
Queens,2018-01,1826.27,2018
Staten Island,2018-01,1600.0,2018
Bronx,2018-02,1594.56,2018
Brooklyn,2018-02,2146.67,2018
Manhattan,2018-02,3113.56,2018
New York City,2018-02,2550.0,2018
Queens,2018-02,1818.17,2018
Staten Island,2018-02,1600.0,2018
Bronx,2018-03,1569.4,2018
Brooklyn,2018-03,2156.57,2018
Manhattan,2018-03,3120.72,2018
New York City,2018-03,2595.0,2018
Queens,2018-03,1854.95,2018
Staten Island,2018-03,1600.0,2018
Bronx,2018-04,1581.38,2018
Brooklyn,2018-04,2159.98,2018
Manhattan,2018-04,3123.42,2018
New York City,2018-04,2600.0,2018
Queens,2018-04,1843.86,2018
Staten Island,2018-04,1513.0,2018
Bronx,2018-05,1594.56,2018
Brooklyn,2018-05,2188.31,2018
Manhattan,2018-05,3128.72,2018
New York City,2018-05,2599.0,2018
Queens,2018-05,1811.56,2018
Staten Island,2018-05,1500.0,2018
Bronx,2018-06,1585.73,2018
Brooklyn,2018-06,2203.47,2018
Manhattan,2018-06,3158.83,2018
New York City,2018-06,2600.0,2018
Queens,2018-06,1857.86,2018
Staten Island,2018-06,1695.0,2018
Bronx,2018-07,1615.89,2018
Brooklyn,2018-07,2242.98,2018
Manhattan,2018-07,3191.72,2018
New York City,2018-07,2600.0,2018
Queens,2018-07,1883.91,2018
Staten Island,2018-07,1929.0,2018
Bronx,2018-08,1625.83,2018
Brooklyn,2018-08,2215.68,2018
Manhattan,2018-08,3189.06,2018
New York City,2018-08,2600.0,2018
Queens,2018-08,1891.05,2018
Staten Island,2018-08,1550.0,2018
Bronx,2018-09,1665.89,2018
Brooklyn,2018-09,2197.53,2018
Manhattan,2018-09,3205.39,2018
New York City,2018-09,2550.0,2018
Queens,2018-09,1882.52,2018
Staten Island,2018-09,1790.0,2018
Bronx,2018-10,1607.45,2018
Brooklyn,2018-10,2193.31,2018
Manhattan,2018-10,3209.64,2018
New York City,2018-10,2500.0,2018
Queens,2018-10,1847.78,2018
Staten Island,2018-10,1450.0,2018
Bronx,2018-11,1622.38,2018
Brooklyn,2018-11,2182.5,2018
Manhattan,2018-11,3201.67,2018
New York City,2018-11,2495.0,2018
Queens,2018-11,1844.7,2018
Staten Island,2018-11,1600.0,2018
Bronx,2018-12,1593.08,2018
Brooklyn,2018-12,2233.88,2018
Manhattan,2018-12,3223.22,2018
New York City,2018-12,2495.0,2018
Queens,2018-12,1844.1,2018
Staten Island,2018-12,1550.0,2018
Bronx,2019-01,1604.25,2019
Brooklyn,2019-01,2206.68,2019
Manhattan,2019-01,3236.69,2019
New York City,2019-01,2500.0,2019
Queens,2019-01,1881.82,2019
Staten Island,2019-01,1450.0,2019
Bronx,2019-02,1616.45,2019
Brooklyn,2019-02,2242.4,2019
Manhattan,2019-02,3248.69,2019
New York City,2019-02,2550.0,2019
Queens,2019-02,1891.3,2019
Staten Island,2019-02,1595.0,2019
Bronx,2019-03,1654.83,2019
Brooklyn,2019-03,2230.76,2019
Manhattan,2019-03,3274.47,2019
New York City,2019-03,2595.0,2019
Queens,2019-03,1877.09,2019
Staten Island,2019-03,1600.0,2019
Bronx,2019-04,1680.45,2019
Brooklyn,2019-04,2242.0,2019
Manhattan,2019-04,3315.36,2019
New York City,2019-04,2650.0,2019
Queens,2019-04,1894.35,2019
Staten Island,2019-04,1600.0,2019
Bronx,2019-05,1657.92,2019
Brooklyn,2019-05,2279.29,2019
Manhattan,2019-05,3317.72,2019
New York City,2019-05,2650.0,2019
Queens,2019-05,1896.44,2019
Staten Island,2019-05,1600.0,2019
Bronx,2019-06,1672.75,2019
Brooklyn,2019-06,2313.4,2019
Manhattan,2019-06,3332.33,2019
New York City,2019-06,2695.0,2019
Queens,2019-06,1897.84,2019
Staten Island,2019-06,2275.0,2019
Bronx,2019-07,1648.44,2019
Brooklyn,2019-07,2300.45,2019
Manhattan,2019-07,3356.03,2019
New York City,2019-07,2695.0,2019
Queens,2019-07,1919.0,2019
Staten Island,2019-07,1848.0,2019
Bronx,2019-08,1670.88,2019
Brooklyn,2019-08,2318.91,2019
Manhattan,2019-08,3341.44,2019
New York City,2019-08,2700.0,2019
Queens,2019-08,1905.23,2019
Staten Island,2019-08,1699.0,2019
Bronx,2019-09,1699.71,2019
Brooklyn,2019-09,2334.36,2019
Manhattan,2019-09,3364.89,2019
New York City,2019-09,2725.0,2019
Queens,2019-09,1921.0,2019
Staten Island,2019-09,1798.0,2019
Bronx,2019-10,1674.17,2019
Brooklyn,2019-10,2326.84,2019
Manhattan,2019-10,3368.97,2019
New York City,2019-10,2714.0,2019
Queens,2019-10,1914.65,2019
Staten Island,2019-10,2120.0,2019
Bronx,2019-11,1699.36,2019
Brooklyn,2019-11,2343.73,2019
Manhattan,2019-11,3367.89,2019
New York City,2019-11,2700.0,2019
Queens,2019-11,1926.6,2019
Staten Island,2019-11,2154.0,2019
Bronx,2019-12,1712.9,2019
Brooklyn,2019-12,2338.37,2019
Manhattan,2019-12,3397.94,2019
New York City,2019-12,2704.0,2019
Queens,2019-12,1906.76,2019
Staten Island,2019-12,1990.0,2019
Bronx,2020-01,1753.5,2020
Brooklyn,2020-01,2394.0,2020
Manhattan,2020-01,3370.69,2020
New York City,2020-01,2800.0,2020
Queens,2020-01,1881.52,2020
Staten Island,2020-01,1795.0,2020
Bronx,2020-02,1740.17,2020
Brooklyn,2020-02,2406.81,2020
Manhattan,2020-02,3436.33,2020
New York City,2020-02,2850.0,2020
Queens,2020-02,1940.28,2020
Staten Island,2020-02,1735.0,2020
Bronx,2020-03,1820.67,2020
Brooklyn,2020-03,2462.62,2020
Manhattan,2020-03,3390.86,2020
New York City,2020-03,2841.0,2020
Queens,2020-03,1974.61,2020
Staten Island,2020-03,1699.0,2020
Bronx,2020-04,1792.5,2020
Brooklyn,2020-04,2426.75,2020
Manhattan,2020-04,3292.62,2020
New York City,2020-04,2900.0,2020
Queens,2020-04,1953.77,2020
Staten Island,2020-04,,2020
Bronx,2020-05,1735.5,2020
Brooklyn,2020-05,2373.32,2020
Manhattan,2020-05,3161.06,2020
New York City,2020-05,2782.0,2020
Queens,2020-05,1927.16,2020
Staten Island,2020-05,1575.0,2020
Bronx,2020-06,1720.6,2020
Brooklyn,2020-06,2307.05,2020
Manhattan,2020-06,3069.11,2020
New York City,2020-06,2700.0,2020
Queens,2020-06,1903.92,2020
Staten Island,2020-06,,2020
Bronx,2020-07,1745.2,2020
Brooklyn,2020-07,2247.14,2020
Manhattan,2020-07,2979.97,2020
New York City,2020-07,2650.0,2020
Queens,2020-07,1871.89,2020
Staten Island,2020-07,1450.0,2020
Bronx,2020-08,1740.5,2020
Brooklyn,2020-08,2207.39,2020
Manhattan,2020-08,2905.64,2020
New York City,2020-08,2500.0,2020
Queens,2020-08,1863.56,2020
Staten Island,2020-08,1637.0,2020
Bronx,2020-09,1731.82,2020
Brooklyn,2020-09,2140.47,2020
Manhattan,2020-09,2871.58,2020
New York City,2020-09,2496.0,2020
Queens,2020-09,1859.7,2020
Staten Island,2020-09,,2020
Bronx,2020-10,1730.09,2020
Brooklyn,2020-10,2118.14,2020
Manhattan,2020-10,2837.39,2020
New York City,2020-10,2400.0,2020
Queens,2020-10,1852.87,2020
Staten Island,2020-10,1600.0,2020
Bronx,2020-11,1732.85,2020
Brooklyn,2020-11,2107.27,2020
Manhattan,2020-11,2783.36,2020
New York City,2020-11,2399.0,2020
Queens,2020-11,1856.58,2020
Staten Island,2020-11,1500.0,2020
Bronx,2020-12,1681.38,2020
Brooklyn,2020-12,2097.73,2020
Manhattan,2020-12,2789.58,2020
New York City,2020-12,2394.0,2020
Queens,2020-12,1847.83,2020
Staten Island,2020-12,,2020
Bronx,2021-01,1695.0,2021
Brooklyn,2021-01,2087.59,2021
Manhattan,2021-01,2780.83,2021
New York City,2021-01,2350.0,2021
Queens,2021-01,1834.81,2021
Staten Island,2021-01,1700.0,2021
Bronx,2021-02,1687.56,2021
Brooklyn,2021-02,2076.42,2021
Manhattan,2021-02,2876.72,2021
New York City,2021-02,2395.0,2021
Queens,2021-02,1835.29,2021
Staten Island,2021-02,1650.0,2021
Bronx,2021-03,1720.0,2021
Brooklyn,2021-03,2099.38,2021
Manhattan,2021-03,2876.92,2021
New York City,2021-03,2350.0,2021
Queens,2021-03,1804.42,2021
Staten Island,2021-03,1700.0,2021
Bronx,2021-04,1769.12,2021
Brooklyn,2021-04,2138.31,2021
Manhattan,2021-04,2951.36,2021
New York City,2021-04,2395.0,2021
Queens,2021-04,1832.32,2021
Staten Island,2021-04,1698.0,2021
Bronx,2021-05,1829.71,2021
Brooklyn,2021-05,2179.44,2021
Manhattan,2021-05,3034.61,2021
New York City,2021-05,2400.0,2021
Queens,2021-05,1859.68,2021
Staten Island,2021-05,1600.0,2021
Bronx,2021-06,1754.45,2021
Brooklyn,2021-06,2207.18,2021
Manhattan,2021-06,3144.36,2021
New York City,2021-06,2400.0,2021
Queens,2021-06,1882.68,2021
Staten Island,2021-06,1600.0,2021
Bronx,2021-07,1744.54,2021
Brooklyn,2021-07,2261.33,2021
Manhattan,2021-07,3225.92,2021
New York City,2021-07,2450.0,2021
Queens,2021-07,1886.12,2021
Staten Island,2021-07,1600.0,2021
Bronx,2021-08,1738.92,2021
Brooklyn,2021-08,2313.0,2021
Manhattan,2021-08,3295.22,2021
New York City,2021-08,2495.0,2021
Queens,2021-08,1906.72,2021
Staten Island,2021-08,1600.0,2021
Bronx,2021-09,1741.58,2021
Brooklyn,2021-09,2377.2,2021
Manhattan,2021-09,3400.56,2021
New York City,2021-09,2500.0,2021
Queens,2021-09,1956.57,2021
Staten Island,2021-09,1624.0,2021
Bronx,2021-10,1728.6,2021
Brooklyn,2021-10,2357.96,2021
Manhattan,2021-10,3532.89,2021
New York City,2021-10,2450.0,2021
Queens,2021-10,1956.23,2021
Staten Island,2021-10,1500.0,2021
Bronx,2021-11,1758.8,2021
Brooklyn,2021-11,2389.48,2021
Manhattan,2021-11,3636.19,2021
New York City,2021-11,2450.0,2021
Queens,2021-11,1971.86,2021
Staten Island,2021-11,1450.0,2021
Bronx,2021-12,1775.78,2021
Brooklyn,2021-12,2408.48,2021
Manhattan,2021-12,3719.72,2021
New York City,2021-12,2500.0,2021
Queens,2021-12,1995.08,2021
Staten Island,2021-12,1500.0,2021
Bronx,2022-01,1737.25,2022
Brooklyn,2022-01,2481.38,2022
Manhattan,2022-01,3765.14,2022
New York City,2022-01,2650.0,2022
Queens,2022-01,1985.58,2022
Staten Island,2022-01,1450.0,2022
Bronx,2022-02,1744.25,2022
Brooklyn,2022-02,2529.02,2022
Manhattan,2022-02,3825.51,2022
New York City,2022-02,2700.0,2022
Queens,2022-02,1982.04,2022
Staten Island,2022-02,1400.0,2022
Bronx,2022-03,1795.54,2022
Brooklyn,2022-03,2547.98,2022
Manhattan,2022-03,3889.26,2022
New York City,2022-03,2800.0,2022
Queens,2022-03,1993.37,2022
Staten Island,2022-03,1525.0,2022
Bronx,2022-04,1858.1,2022
Brooklyn,2022-04,2638.48,2022
Manhattan,2022-04,3915.86,2022
New York City,2022-04,3000.0,2022
Queens,2022-04,2037.44,2022
Staten Island,2022-04,1525.0,2022
Bronx,2022-05,1855.9,2022
Brooklyn,2022-05,2717.28,2022
Manhattan,2022-05,3933.97,2022
New York City,2022-05,3100.0,2022
Queens,2022-05,2087.92,2022
Staten Island,2022-05,1500.0,2022
Bronx,2022-06,1819.46,2022
Brooklyn,2022-06,2791.98,2022
Manhattan,2022-06,3934.31,2022
New York City,2022-06,3199.0,2022
Queens,2022-06,2138.0,2022
Staten Island,2022-06,1600.0,2022
Bronx,2022-07,1841.23,2022
Brooklyn,2022-07,2834.91,2022
Manhattan,2022-07,3996.42,2022
New York City,2022-07,3250.0,2022
Queens,2022-07,2177.93,2022
Staten Island,2022-07,1590.0,2022
Bronx,2022-08,1872.9,2022
Brooklyn,2022-08,2861.52,2022
Manhattan,2022-08,3922.47,2022
New York City,2022-08,3243.0,2022
Queens,2022-08,2236.24,2022
Staten Island,2022-08,1600.0,2022
Bronx,2022-09,1921.1,2022
Brooklyn,2022-09,2798.29,2022
Manhattan,2022-09,3910.25,2022
New York City,2022-09,3250.0,2022
Queens,2022-09,2210.37,2022
Staten Island,2022-09,1600.0,2022
Bronx,2022-10,1841.92,2022
Brooklyn,2022-10,2777.35,2022
Manhattan,2022-10,3880.54,2022
New York City,2022-10,3200.0,2022
Queens,2022-10,2215.29,2022
Staten Island,2022-10,1500.0,2022
Bronx,2022-11,1835.42,2022
Brooklyn,2022-11,2748.68,2022
Manhattan,2022-11,3871.5,2022
New York City,2022-11,3195.0,2022
Queens,2022-11,2194.52,2022
Staten Island,2022-11,1650.0,2022
Bronx,2022-12,1802.57,2022
Brooklyn,2022-12,2786.69,2022
Manhattan,2022-12,3833.2,2022
New York City,2022-12,3200.0,2022
Queens,2022-12,2193.85,2022
Staten Island,2022-12,1725.0,2022
Bronx,2023-01,1851.25,2023
Brooklyn,2023-01,2846.55,2023
Manhattan,2023-01,3911.28,2023
New York City,2023-01,3269.0,2023
Queens,2023-01,2154.19,2023
Staten Island,2023-01,1650.0,2023
Bronx,2023-02,1949.22,2023
Brooklyn,2023-02,2897.71,2023
Manhattan,2023-02,3967.19,2023
New York City,2023-02,3300.0,2023
Queens,2023-02,2190.48,2023
Staten Island,2023-02,1695.0,2023
Bronx,2023-03,1917.23,2023
Brooklyn,2023-03,2919.95,2023
Manhattan,2023-03,3972.22,2023
New York City,2023-03,3375.0,2023
Queens,2023-03,2182.79,2023
Staten Island,2023-03,1750.0,2023
Bronx,2023-04,1979.6,2023
Brooklyn,2023-04,2953.39,2023
Manhattan,2023-04,4047.94,2023
New York City,2023-04,3500.0,2023
Queens,2023-04,2244.12,2023
Staten Island,2023-04,1700.0,2023
